Model,Accuracy,F1 Score,AUC-ROC,MCC,Avg Precision
MLP,0.7417619047619047,0.6640232947153212,0.9800652956511027,0.5568467989941885,0.9752172753258395
CNN,0.7417619047619047,0.6640232947153212,0.9800652956511027,0.5568467989941885,0.9752172753258395
LSTM,0.7417619047619047,0.6640232947153212,0.9800652956511027,0.5568467989941885,0.9752172753258395
Hybrid,0.7417619047619047,0.6640232947153212,0.9800652956511027,0.5568467989941885,0.9752172753258395
