model,accuracy,f1_weighted,f1_macro,auc
XGBoost,0.9999523809523809,0.9999523931600727,0.9999108161980056,1.0
Ensemble (XGB+DNN),0.9999523809523809,0.9999523931600727,0.9999108161980056,1.0
DNN,0.04361904761904762,0.07383927810492075,0.023964382208737672,0.5102480965670637
