Method,Accuracy,F1,AUC,AP
Isolation Forest,0.5065238095238095,0.6724404968865568,0.26984813405558356,0.3931702392038785
Autoencoder,0.5081428571428571,0.6713335666783339,0.43694622261816163,0.4708522934478905
VAE,0.49523809523809526,0.6624203821656051,0.37395342160335665,0.4378205712200193
Ensemble,0.4947142857142857,0.661951639109242,0.26982647957546624,0.3870033824916215
