{
  "P@1_mean": 0.96,
  "P@3_mean": 0.7666666666666666,
  "P@5_mean": 0.727,
  "P@10_mean": 0.6765000000000001,
  "NDCG@1_mean": 0.96,
  "NDCG@3_mean": 0.8628085516473776,
  "NDCG@5_mean": 0.8556440100349793,
  "NDCG@10_mean": 0.9340539537215224,
  "MRR_mean": 0.9732142857142858,
  "category_accuracy_mean": 0.96,
  "latencies_ms_mean": 26.11250449999943,
  "latencies_ms_p50": 25.597550000043157,
  "latencies_ms_p95": 32.432025000002795,
  "latencies_ms_p99": 53.13082100010205
}