{
  "Random": {
    "mean_reward": -9.657,
    "std_reward": 17.45477596533396,
    "mean_hp_interactions": 2.51,
    "mean_real_compromises": 6.915,
    "mean_episode_length": 18.99
  },
  "Heuristic": {
    "mean_reward": -32.656400000000005,
    "std_reward": 20.257714161276933,
    "mean_hp_interactions": 0.0,
    "mean_real_compromises": 12.595,
    "mean_episode_length": 28.885
  },
  "DQN": {
    "mean_reward": 89.77249999999985,
    "std_reward": 47.294069615016156,
    "mean_hp_interactions": 82.835,
    "mean_real_compromises": 3.4,
    "mean_episode_length": 89.985
  },
  "PPO": {
    "mean_reward": 105.39929999999985,
    "std_reward": 19.791073657333474,
    "mean_hp_interactions": 94.215,
    "mean_real_compromises": 2.18,
    "mean_episode_length": 98.615
  },
  "PPO-Curriculum": {
    "mean_reward": 99.56004999999986,
    "std_reward": 33.04364895857444,
    "mean_hp_interactions": 89.845,
    "mean_real_compromises": 2.795,
    "mean_episode_length": 95.89
  }
}